-- phpMyAdmin SQL Dump
-- version 5.0.4
-- https://www.phpmyadmin.net/
--
-- Host: 127.0.0.1
-- Generation Time: Jul 07, 2021 at 01:19 AM
-- Server version: 10.4.16-MariaDB
-- PHP Version: 7.4.12

SET SQL_MODE = "NO_AUTO_VALUE_ON_ZERO";
START TRANSACTION;
SET time_zone = "+00:00";


/*!40101 SET @OLD_CHARACTER_SET_CLIENT=@@CHARACTER_SET_CLIENT */;
/*!40101 SET @OLD_CHARACTER_SET_RESULTS=@@CHARACTER_SET_RESULTS */;
/*!40101 SET @OLD_COLLATION_CONNECTION=@@COLLATION_CONNECTION */;
/*!40101 SET NAMES utf8mb4 */;

--
-- Database: `exploria_timhoreee`
--

-- --------------------------------------------------------

--
-- Table structure for table `catatan_kunjungan`
--

CREATE TABLE `catatan_kunjungan` (
  `id_tempat_wisata` int(100) NOT NULL,
  `total_kunjungan` int(100) NOT NULL,
  `tanggal_catatan` date NOT NULL
) ENGINE=InnoDB DEFAULT CHARSET=utf8mb4;

--
-- Dumping data for table `catatan_kunjungan`
--

INSERT INTO `catatan_kunjungan` (`id_tempat_wisata`, `total_kunjungan`, `tanggal_catatan`) VALUES
(1, 17, '2021-01-01'),
(2, 18, '2021-01-01'),
(3, 25, '2021-01-01'),
(4, 115, '2021-01-01'),
(5, 115, '2021-01-01'),
(6, 78, '2021-01-01'),
(7, 38, '2021-01-01'),
(1, 20, '2021-01-02'),
(2, 32, '2021-01-02'),
(3, 90, '2021-01-02'),
(4, 149, '2021-01-02'),
(5, 35, '2021-01-02'),
(6, 170, '2021-01-02'),
(7, 26, '2021-01-02'),
(1, 59, '2021-01-03'),
(2, 6, '2021-01-03'),
(3, 76, '2021-01-03'),
(4, 178, '2021-01-03'),
(5, 114, '2021-01-03'),
(6, 210, '2021-01-03'),
(7, 35, '2021-01-03'),
(1, 38, '2021-01-04'),
(2, 18, '2021-01-04'),
(3, 18, '2021-01-04'),
(4, 67, '2021-01-04'),
(5, 52, '2021-01-04'),
(6, 170, '2021-01-04'),
(7, 40, '2021-01-04'),
(1, 90, '2021-01-05'),
(2, 28, '2021-01-05'),
(3, 89, '2021-01-05'),
(4, 49, '2021-01-05'),
(5, 154, '2021-01-05'),
(6, 243, '2021-01-05'),
(7, 44, '2021-01-05'),
(1, 61, '2021-01-06'),
(2, 25, '2021-01-06'),
(3, 45, '2021-01-06'),
(4, 100, '2021-01-06'),
(5, 65, '2021-01-06'),
(6, 119, '2021-01-06'),
(7, 42, '2021-01-06'),
(1, 48, '2021-01-07'),
(2, 31, '2021-01-07'),
(3, 103, '2021-01-07'),
(4, 227, '2021-01-07'),
(5, 133, '2021-01-07'),
(6, 279, '2021-01-07'),
(7, 23, '2021-01-07'),
(1, 76, '2021-01-08'),
(2, 5, '2021-01-08'),
(3, 81, '2021-01-08'),
(4, 64, '2021-01-08'),
(5, 34, '2021-01-08'),
(6, 112, '2021-01-08'),
(7, 15, '2021-01-08'),
(1, 64, '2021-01-09'),
(2, 14, '2021-01-09'),
(3, 27, '2021-01-09'),
(4, 137, '2021-01-09'),
(5, 120, '2021-01-09'),
(6, 162, '2021-01-09'),
(7, 58, '2021-01-09'),
(1, 63, '2021-01-10'),
(2, 3, '2021-01-10'),
(3, 61, '2021-01-10'),
(4, 198, '2021-01-10'),
(5, 57, '2021-01-10'),
(6, 202, '2021-01-10'),
(7, 16, '2021-01-10'),
(1, 48, '2021-01-11'),
(2, 12, '2021-01-11'),
(3, 120, '2021-01-11'),
(4, 190, '2021-01-11'),
(5, 32, '2021-01-11'),
(6, 254, '2021-01-11'),
(7, 21, '2021-01-11'),
(1, 48, '2021-01-12'),
(2, 12, '2021-01-12'),
(3, 55, '2021-01-12'),
(4, 128, '2021-01-12'),
(5, 150, '2021-01-12'),
(6, 142, '2021-01-12'),
(7, 19, '2021-01-12'),
(1, 21, '2021-01-13'),
(2, 9, '2021-01-13'),
(3, 82, '2021-01-13'),
(4, 70, '2021-01-13'),
(5, 114, '2021-01-13'),
(6, 142, '2021-01-13'),
(7, 12, '2021-01-13'),
(1, 20, '2021-01-14'),
(2, 14, '2021-01-14'),
(3, 26, '2021-01-14'),
(4, 54, '2021-01-14'),
(5, 131, '2021-01-14'),
(6, 276, '2021-01-14'),
(7, 14, '2021-01-14'),
(1, 53, '2021-01-15'),
(2, 4, '2021-01-15'),
(3, 19, '2021-01-15'),
(4, 105, '2021-01-15'),
(5, 61, '2021-01-15'),
(6, 206, '2021-01-15'),
(7, 58, '2021-01-15'),
(1, 10, '2021-01-16'),
(2, 19, '2021-01-16'),
(3, 38, '2021-01-16'),
(4, 47, '2021-01-16'),
(5, 71, '2021-01-16'),
(6, 269, '2021-01-16'),
(7, 8, '2021-01-16'),
(1, 68, '2021-01-17'),
(2, 21, '2021-01-17'),
(3, 62, '2021-01-17'),
(4, 108, '2021-01-17'),
(5, 107, '2021-01-17'),
(6, 276, '2021-01-17'),
(7, 16, '2021-01-17'),
(1, 74, '2021-01-18'),
(2, 22, '2021-01-18'),
(3, 91, '2021-01-18'),
(4, 146, '2021-01-18'),
(5, 131, '2021-01-18'),
(6, 117, '2021-01-18'),
(7, 43, '2021-01-18'),
(1, 77, '2021-01-19'),
(2, 9, '2021-01-19'),
(3, 28, '2021-01-19'),
(4, 213, '2021-01-19'),
(5, 93, '2021-01-19'),
(6, 167, '2021-01-19'),
(7, 11, '2021-01-19'),
(1, 71, '2021-01-20'),
(2, 17, '2021-01-20'),
(3, 52, '2021-01-20'),
(4, 197, '2021-01-20'),
(5, 71, '2021-01-20'),
(6, 180, '2021-01-20'),
(7, 21, '2021-01-20'),
(1, 14, '2021-01-21'),
(2, 27, '2021-01-21'),
(3, 33, '2021-01-21'),
(4, 46, '2021-01-21'),
(5, 74, '2021-01-21'),
(6, 247, '2021-01-21'),
(7, 62, '2021-01-21'),
(1, 64, '2021-01-22'),
(2, 30, '2021-01-22'),
(3, 82, '2021-01-22'),
(4, 178, '2021-01-22'),
(5, 138, '2021-01-22'),
(6, 206, '2021-01-22'),
(7, 20, '2021-01-22'),
(1, 76, '2021-01-23'),
(2, 12, '2021-01-23'),
(3, 32, '2021-01-23'),
(4, 46, '2021-01-23'),
(5, 75, '2021-01-23'),
(6, 275, '2021-01-23'),
(7, 41, '2021-01-23'),
(1, 37, '2021-01-24'),
(2, 8, '2021-01-24'),
(3, 65, '2021-01-24'),
(4, 169, '2021-01-24'),
(5, 143, '2021-01-24'),
(6, 282, '2021-01-24'),
(7, 34, '2021-01-24'),
(1, 35, '2021-01-25'),
(2, 21, '2021-01-25'),
(3, 107, '2021-01-25'),
(4, 195, '2021-01-25'),
(5, 37, '2021-01-25'),
(6, 223, '2021-01-25'),
(7, 5, '2021-01-25'),
(1, 55, '2021-01-26'),
(2, 8, '2021-01-26'),
(3, 73, '2021-01-26'),
(4, 131, '2021-01-26'),
(5, 112, '2021-01-26'),
(6, 178, '2021-01-26'),
(7, 21, '2021-01-26'),
(1, 20, '2021-01-27'),
(2, 3, '2021-01-27'),
(3, 28, '2021-01-27'),
(4, 225, '2021-01-27'),
(5, 151, '2021-01-27'),
(6, 229, '2021-01-27'),
(7, 61, '2021-01-27'),
(1, 39, '2021-01-28'),
(2, 17, '2021-01-28'),
(3, 29, '2021-01-28'),
(4, 131, '2021-01-28'),
(5, 140, '2021-01-28'),
(6, 274, '2021-01-28'),
(7, 35, '2021-01-28'),
(1, 35, '2021-01-29'),
(2, 3, '2021-01-29'),
(3, 53, '2021-01-29'),
(4, 98, '2021-01-29'),
(5, 139, '2021-01-29'),
(6, 257, '2021-01-29'),
(7, 61, '2021-01-29'),
(1, 58, '2021-01-30'),
(2, 5, '2021-01-30'),
(3, 51, '2021-01-30'),
(4, 172, '2021-01-30'),
(5, 55, '2021-01-30'),
(6, 128, '2021-01-30'),
(7, 41, '2021-01-30'),
(1, 86, '2021-01-31'),
(2, 14, '2021-01-31'),
(3, 45, '2021-01-31'),
(4, 174, '2021-01-31'),
(5, 126, '2021-01-31'),
(6, 156, '2021-01-31'),
(7, 7, '2021-01-31'),
(1, 51, '2021-02-01'),
(2, 30, '2021-02-01'),
(3, 48, '2021-02-01'),
(4, 129, '2021-02-01'),
(5, 68, '2021-02-01'),
(6, 274, '2021-02-01'),
(7, 40, '2021-02-01'),
(1, 36, '2021-02-02'),
(2, 20, '2021-02-02'),
(3, 69, '2021-02-02'),
(4, 80, '2021-02-02'),
(5, 96, '2021-02-02'),
(6, 123, '2021-02-02'),
(7, 14, '2021-02-02'),
(1, 69, '2021-02-03'),
(2, 20, '2021-02-03'),
(3, 93, '2021-02-03'),
(4, 120, '2021-02-03'),
(5, 62, '2021-02-03'),
(6, 226, '2021-02-03'),
(7, 4, '2021-02-03'),
(1, 48, '2021-02-04'),
(2, 24, '2021-02-04'),
(3, 121, '2021-02-04'),
(4, 111, '2021-02-04'),
(5, 52, '2021-02-04'),
(6, 248, '2021-02-04'),
(7, 9, '2021-02-04'),
(1, 14, '2021-02-05'),
(2, 8, '2021-02-05'),
(3, 34, '2021-02-05'),
(4, 170, '2021-02-05'),
(5, 108, '2021-02-05'),
(6, 275, '2021-02-05'),
(7, 30, '2021-02-05'),
(1, 44, '2021-02-06'),
(2, 14, '2021-02-06'),
(3, 20, '2021-02-06'),
(4, 192, '2021-02-06'),
(5, 77, '2021-02-06'),
(6, 193, '2021-02-06'),
(7, 36, '2021-02-06'),
(1, 10, '2021-02-07'),
(2, 19, '2021-02-07'),
(3, 26, '2021-02-07'),
(4, 224, '2021-02-07'),
(5, 138, '2021-02-07'),
(6, 64, '2021-02-07'),
(7, 40, '2021-02-07'),
(1, 61, '2021-02-08'),
(2, 31, '2021-02-08'),
(3, 87, '2021-02-08'),
(4, 48, '2021-02-08'),
(5, 33, '2021-02-08'),
(6, 266, '2021-02-08'),
(7, 16, '2021-02-08'),
(1, 62, '2021-02-09'),
(2, 21, '2021-02-09'),
(3, 110, '2021-02-09'),
(4, 138, '2021-02-09'),
(5, 33, '2021-02-09'),
(6, 243, '2021-02-09'),
(7, 55, '2021-02-09'),
(1, 30, '2021-02-10'),
(2, 28, '2021-02-10'),
(3, 44, '2021-02-10'),
(4, 55, '2021-02-10'),
(5, 38, '2021-02-10'),
(6, 63, '2021-02-10'),
(7, 58, '2021-02-10'),
(1, 89, '2021-02-11'),
(2, 12, '2021-02-11'),
(3, 28, '2021-02-11'),
(4, 203, '2021-02-11'),
(5, 123, '2021-02-11'),
(6, 132, '2021-02-11'),
(7, 7, '2021-02-11'),
(1, 75, '2021-02-12'),
(2, 23, '2021-02-12'),
(3, 83, '2021-02-12'),
(4, 152, '2021-02-12'),
(5, 34, '2021-02-12'),
(6, 192, '2021-02-12'),
(7, 21, '2021-02-12'),
(1, 80, '2021-02-13'),
(2, 32, '2021-02-13'),
(3, 39, '2021-02-13'),
(4, 150, '2021-02-13'),
(5, 71, '2021-02-13'),
(6, 111, '2021-02-13'),
(7, 52, '2021-02-13'),
(1, 48, '2021-02-14'),
(2, 19, '2021-02-14'),
(3, 48, '2021-02-14'),
(4, 229, '2021-02-14'),
(5, 72, '2021-02-14'),
(6, 239, '2021-02-14'),
(7, 57, '2021-02-14'),
(1, 62, '2021-02-15'),
(2, 31, '2021-02-15'),
(3, 27, '2021-02-15'),
(4, 206, '2021-02-15'),
(5, 40, '2021-02-15'),
(6, 282, '2021-02-15'),
(7, 10, '2021-02-15'),
(1, 32, '2021-02-16'),
(2, 31, '2021-02-16'),
(3, 42, '2021-02-16'),
(4, 179, '2021-02-16'),
(5, 36, '2021-02-16'),
(6, 188, '2021-02-16'),
(7, 20, '2021-02-16'),
(1, 51, '2021-02-17'),
(2, 6, '2021-02-17'),
(3, 54, '2021-02-17'),
(4, 141, '2021-02-17'),
(5, 35, '2021-02-17'),
(6, 114, '2021-02-17'),
(7, 38, '2021-02-17'),
(1, 15, '2021-02-18'),
(2, 13, '2021-02-18'),
(3, 40, '2021-02-18'),
(4, 120, '2021-02-18'),
(5, 115, '2021-02-18'),
(6, 258, '2021-02-18'),
(7, 36, '2021-02-18'),
(1, 90, '2021-02-19'),
(2, 18, '2021-02-19'),
(3, 114, '2021-02-19'),
(4, 129, '2021-02-19'),
(5, 60, '2021-02-19'),
(6, 281, '2021-02-19'),
(7, 56, '2021-02-19'),
(1, 84, '2021-02-20'),
(2, 11, '2021-02-20'),
(3, 44, '2021-02-20'),
(4, 80, '2021-02-20'),
(5, 101, '2021-02-20'),
(6, 278, '2021-02-20'),
(7, 21, '2021-02-20'),
(1, 35, '2021-02-21'),
(2, 12, '2021-02-21'),
(3, 32, '2021-02-21'),
(4, 60, '2021-02-21'),
(5, 37, '2021-02-21'),
(6, 257, '2021-02-21'),
(7, 9, '2021-02-21'),
(1, 27, '2021-02-22'),
(2, 20, '2021-02-22'),
(3, 108, '2021-02-22'),
(4, 154, '2021-02-22'),
(5, 143, '2021-02-22'),
(6, 193, '2021-02-22'),
(7, 12, '2021-02-22'),
(1, 68, '2021-02-23'),
(2, 2, '2021-02-23'),
(3, 71, '2021-02-23'),
(4, 226, '2021-02-23'),
(5, 95, '2021-02-23'),
(6, 164, '2021-02-23'),
(7, 49, '2021-02-23'),
(1, 39, '2021-02-24'),
(2, 4, '2021-02-24'),
(3, 87, '2021-02-24'),
(4, 78, '2021-02-24'),
(5, 81, '2021-02-24'),
(6, 239, '2021-02-24'),
(7, 11, '2021-02-24'),
(1, 23, '2021-02-25'),
(2, 26, '2021-02-25'),
(3, 40, '2021-02-25'),
(4, 122, '2021-02-25'),
(5, 85, '2021-02-25'),
(6, 127, '2021-02-25'),
(7, 36, '2021-02-25'),
(1, 69, '2021-02-26'),
(2, 16, '2021-02-26'),
(3, 81, '2021-02-26'),
(4, 140, '2021-02-26'),
(5, 81, '2021-02-26'),
(6, 181, '2021-02-26'),
(7, 20, '2021-02-26'),
(1, 29, '2021-02-27'),
(2, 23, '2021-02-27'),
(3, 74, '2021-02-27'),
(4, 173, '2021-02-27'),
(5, 74, '2021-02-27'),
(6, 220, '2021-02-27'),
(7, 50, '2021-02-27'),
(1, 44, '2021-02-28'),
(2, 8, '2021-02-28'),
(3, 119, '2021-02-28'),
(4, 143, '2021-02-28'),
(5, 97, '2021-02-28'),
(6, 239, '2021-02-28'),
(7, 23, '2021-02-28'),
(1, 21, '2021-03-01'),
(2, 30, '2021-03-01'),
(3, 30, '2021-03-01'),
(4, 181, '2021-03-01'),
(5, 131, '2021-03-01'),
(6, 151, '2021-03-01'),
(7, 22, '2021-03-01'),
(1, 71, '2021-03-02'),
(2, 27, '2021-03-02'),
(3, 107, '2021-03-02'),
(4, 178, '2021-03-02'),
(5, 130, '2021-03-02'),
(6, 107, '2021-03-02'),
(7, 12, '2021-03-02'),
(1, 64, '2021-03-03'),
(2, 10, '2021-03-03'),
(3, 100, '2021-03-03'),
(4, 95, '2021-03-03'),
(5, 86, '2021-03-03'),
(6, 131, '2021-03-03'),
(7, 31, '2021-03-03'),
(1, 10, '2021-03-04'),
(2, 10, '2021-03-04'),
(3, 81, '2021-03-04'),
(4, 92, '2021-03-04'),
(5, 154, '2021-03-04'),
(6, 116, '2021-03-04'),
(7, 32, '2021-03-04'),
(1, 43, '2021-03-05'),
(2, 21, '2021-03-05'),
(3, 94, '2021-03-05'),
(4, 100, '2021-03-05'),
(5, 34, '2021-03-05'),
(6, 151, '2021-03-05'),
(7, 44, '2021-03-05'),
(1, 20, '2021-03-06'),
(2, 24, '2021-03-06'),
(3, 75, '2021-03-06'),
(4, 197, '2021-03-06'),
(5, 48, '2021-03-06'),
(6, 96, '2021-03-06'),
(7, 62, '2021-03-06'),
(1, 31, '2021-03-07'),
(2, 11, '2021-03-07'),
(3, 23, '2021-03-07'),
(4, 161, '2021-03-07'),
(5, 90, '2021-03-07'),
(6, 128, '2021-03-07'),
(7, 5, '2021-03-07'),
(1, 48, '2021-03-08'),
(2, 16, '2021-03-08'),
(3, 82, '2021-03-08'),
(4, 128, '2021-03-08'),
(5, 77, '2021-03-08'),
(6, 261, '2021-03-08'),
(7, 40, '2021-03-08'),
(1, 65, '2021-03-09'),
(2, 22, '2021-03-09'),
(3, 65, '2021-03-09'),
(4, 152, '2021-03-09'),
(5, 149, '2021-03-09'),
(6, 119, '2021-03-09'),
(7, 19, '2021-03-09'),
(1, 40, '2021-03-10'),
(2, 12, '2021-03-10'),
(3, 52, '2021-03-10'),
(4, 173, '2021-03-10'),
(5, 54, '2021-03-10'),
(6, 220, '2021-03-10'),
(7, 22, '2021-03-10'),
(1, 88, '2021-03-11'),
(2, 4, '2021-03-11'),
(3, 22, '2021-03-11'),
(4, 226, '2021-03-11'),
(5, 69, '2021-03-11'),
(6, 173, '2021-03-11'),
(7, 53, '2021-03-11'),
(1, 42, '2021-03-12'),
(2, 30, '2021-03-12'),
(3, 78, '2021-03-12'),
(4, 212, '2021-03-12'),
(5, 32, '2021-03-12'),
(6, 277, '2021-03-12'),
(7, 33, '2021-03-12'),
(1, 16, '2021-03-13'),
(2, 16, '2021-03-13'),
(3, 67, '2021-03-13'),
(4, 103, '2021-03-13'),
(5, 142, '2021-03-13'),
(6, 160, '2021-03-13'),
(7, 60, '2021-03-13'),
(1, 70, '2021-03-14'),
(2, 24, '2021-03-14'),
(3, 18, '2021-03-14'),
(4, 92, '2021-03-14'),
(5, 107, '2021-03-14'),
(6, 195, '2021-03-14'),
(7, 48, '2021-03-14'),
(1, 86, '2021-03-15'),
(2, 31, '2021-03-15'),
(3, 27, '2021-03-15'),
(4, 114, '2021-03-15'),
(5, 67, '2021-03-15'),
(6, 73, '2021-03-15'),
(7, 33, '2021-03-15'),
(1, 36, '2021-03-16'),
(2, 13, '2021-03-16'),
(3, 21, '2021-03-16'),
(4, 57, '2021-03-16'),
(5, 146, '2021-03-16'),
(6, 200, '2021-03-16'),
(7, 56, '2021-03-16'),
(1, 61, '2021-03-17'),
(2, 19, '2021-03-17'),
(3, 23, '2021-03-17'),
(4, 186, '2021-03-17'),
(5, 65, '2021-03-17'),
(6, 245, '2021-03-17'),
(7, 17, '2021-03-17'),
(1, 42, '2021-03-18'),
(2, 19, '2021-03-18'),
(3, 123, '2021-03-18'),
(4, 202, '2021-03-18'),
(5, 148, '2021-03-18'),
(6, 89, '2021-03-18'),
(7, 51, '2021-03-18'),
(1, 49, '2021-03-19'),
(2, 4, '2021-03-19'),
(3, 62, '2021-03-19'),
(4, 107, '2021-03-19'),
(5, 77, '2021-03-19'),
(6, 147, '2021-03-19'),
(7, 41, '2021-03-19'),
(1, 40, '2021-03-20'),
(2, 23, '2021-03-20'),
(3, 40, '2021-03-20'),
(4, 213, '2021-03-20'),
(5, 103, '2021-03-20'),
(6, 178, '2021-03-20'),
(7, 49, '2021-03-20'),
(1, 83, '2021-03-21'),
(2, 5, '2021-03-21'),
(3, 84, '2021-03-21'),
(4, 225, '2021-03-21'),
(5, 73, '2021-03-21'),
(6, 202, '2021-03-21'),
(7, 38, '2021-03-21'),
(1, 81, '2021-03-22'),
(2, 12, '2021-03-22'),
(3, 45, '2021-03-22'),
(4, 231, '2021-03-22'),
(5, 151, '2021-03-22'),
(6, 134, '2021-03-22'),
(7, 49, '2021-03-22'),
(1, 65, '2021-03-23'),
(2, 19, '2021-03-23'),
(3, 52, '2021-03-23'),
(4, 234, '2021-03-23'),
(5, 116, '2021-03-23'),
(6, 243, '2021-03-23'),
(7, 23, '2021-03-23'),
(1, 64, '2021-03-24'),
(2, 27, '2021-03-24'),
(3, 57, '2021-03-24'),
(4, 122, '2021-03-24'),
(5, 124, '2021-03-24'),
(6, 66, '2021-03-24'),
(7, 49, '2021-03-24'),
(1, 30, '2021-03-25'),
(2, 27, '2021-03-25'),
(3, 91, '2021-03-25'),
(4, 183, '2021-03-25'),
(5, 72, '2021-03-25'),
(6, 99, '2021-03-25'),
(7, 34, '2021-03-25'),
(1, 33, '2021-03-26'),
(2, 22, '2021-03-26'),
(3, 47, '2021-03-26'),
(4, 170, '2021-03-26'),
(5, 111, '2021-03-26'),
(6, 71, '2021-03-26'),
(7, 35, '2021-03-26'),
(1, 17, '2021-03-27'),
(2, 15, '2021-03-27'),
(3, 54, '2021-03-27'),
(4, 173, '2021-03-27'),
(5, 154, '2021-03-27'),
(6, 211, '2021-03-27'),
(7, 39, '2021-03-27'),
(1, 38, '2021-03-28'),
(2, 12, '2021-03-28'),
(3, 115, '2021-03-28'),
(4, 233, '2021-03-28'),
(5, 106, '2021-03-28'),
(6, 78, '2021-03-28'),
(7, 59, '2021-03-28'),
(1, 76, '2021-03-29'),
(2, 4, '2021-03-29'),
(3, 116, '2021-03-29'),
(4, 225, '2021-03-29'),
(5, 110, '2021-03-29'),
(6, 194, '2021-03-29'),
(7, 24, '2021-03-29'),
(1, 32, '2021-03-30'),
(2, 8, '2021-03-30'),
(3, 58, '2021-03-30'),
(4, 64, '2021-03-30'),
(5, 68, '2021-03-30'),
(6, 151, '2021-03-30'),
(7, 54, '2021-03-30'),
(1, 18, '2021-03-31'),
(2, 15, '2021-03-31'),
(3, 36, '2021-03-31'),
(4, 88, '2021-03-31'),
(5, 62, '2021-03-31'),
(6, 78, '2021-03-31'),
(7, 28, '2021-03-31'),
(1, 69, '2021-04-01'),
(2, 30, '2021-04-01'),
(3, 78, '2021-04-01'),
(4, 206, '2021-04-01'),
(5, 104, '2021-04-01'),
(6, 157, '2021-04-01'),
(7, 8, '2021-04-01'),
(1, 81, '2021-04-02'),
(2, 32, '2021-04-02'),
(3, 48, '2021-04-02'),
(4, 154, '2021-04-02'),
(5, 136, '2021-04-02'),
(6, 197, '2021-04-02'),
(7, 11, '2021-04-02'),
(1, 44, '2021-04-03'),
(2, 19, '2021-04-03'),
(3, 55, '2021-04-03'),
(4, 185, '2021-04-03'),
(5, 147, '2021-04-03'),
(6, 67, '2021-04-03'),
(7, 57, '2021-04-03'),
(1, 69, '2021-04-04'),
(2, 2, '2021-04-04'),
(3, 66, '2021-04-04'),
(4, 130, '2021-04-04'),
(5, 61, '2021-04-04'),
(6, 273, '2021-04-04'),
(7, 53, '2021-04-04'),
(1, 23, '2021-04-05'),
(2, 4, '2021-04-05'),
(3, 21, '2021-04-05'),
(4, 213, '2021-04-05'),
(5, 132, '2021-04-05'),
(6, 120, '2021-04-05'),
(7, 20, '2021-04-05'),
(1, 92, '2021-04-06'),
(2, 12, '2021-04-06'),
(3, 94, '2021-04-06'),
(4, 228, '2021-04-06'),
(5, 140, '2021-04-06'),
(6, 269, '2021-04-06'),
(7, 29, '2021-04-06'),
(1, 70, '2021-04-07'),
(2, 32, '2021-04-07'),
(3, 73, '2021-04-07'),
(4, 115, '2021-04-07'),
(5, 71, '2021-04-07'),
(6, 142, '2021-04-07'),
(7, 56, '2021-04-07'),
(1, 58, '2021-04-08'),
(2, 14, '2021-04-08'),
(3, 28, '2021-04-08'),
(4, 198, '2021-04-08'),
(5, 136, '2021-04-08'),
(6, 152, '2021-04-08'),
(7, 10, '2021-04-08'),
(1, 25, '2021-04-09'),
(2, 25, '2021-04-09'),
(3, 68, '2021-04-09'),
(4, 145, '2021-04-09'),
(5, 90, '2021-04-09'),
(6, 230, '2021-04-09'),
(7, 13, '2021-04-09'),
(1, 65, '2021-04-10'),
(2, 4, '2021-04-10'),
(3, 97, '2021-04-10'),
(4, 96, '2021-04-10'),
(5, 145, '2021-04-10'),
(6, 227, '2021-04-10'),
(7, 25, '2021-04-10'),
(1, 89, '2021-04-11'),
(2, 23, '2021-04-11'),
(3, 122, '2021-04-11'),
(4, 50, '2021-04-11'),
(5, 153, '2021-04-11'),
(6, 202, '2021-04-11'),
(7, 58, '2021-04-11'),
(1, 29, '2021-04-12'),
(2, 19, '2021-04-12'),
(3, 60, '2021-04-12'),
(4, 155, '2021-04-12'),
(5, 119, '2021-04-12'),
(6, 276, '2021-04-12'),
(7, 7, '2021-04-12'),
(1, 66, '2021-04-13'),
(2, 15, '2021-04-13'),
(3, 43, '2021-04-13'),
(4, 110, '2021-04-13'),
(5, 73, '2021-04-13'),
(6, 274, '2021-04-13'),
(7, 14, '2021-04-13'),
(1, 59, '2021-04-14'),
(2, 13, '2021-04-14'),
(3, 51, '2021-04-14'),
(4, 95, '2021-04-14'),
(5, 38, '2021-04-14'),
(6, 214, '2021-04-14'),
(7, 11, '2021-04-14'),
(1, 24, '2021-04-15'),
(2, 8, '2021-04-15'),
(3, 19, '2021-04-15'),
(4, 165, '2021-04-15'),
(5, 53, '2021-04-15'),
(6, 107, '2021-04-15'),
(7, 4, '2021-04-15'),
(1, 44, '2021-04-16'),
(2, 22, '2021-04-16'),
(3, 84, '2021-04-16'),
(4, 117, '2021-04-16'),
(5, 65, '2021-04-16'),
(6, 232, '2021-04-16'),
(7, 4, '2021-04-16'),
(1, 82, '2021-04-17'),
(2, 24, '2021-04-17'),
(3, 62, '2021-04-17'),
(4, 212, '2021-04-17'),
(5, 77, '2021-04-17'),
(6, 236, '2021-04-17'),
(7, 29, '2021-04-17'),
(1, 72, '2021-04-18'),
(2, 15, '2021-04-18'),
(3, 27, '2021-04-18'),
(4, 72, '2021-04-18'),
(5, 33, '2021-04-18'),
(6, 136, '2021-04-18'),
(7, 33, '2021-04-18'),
(1, 68, '2021-04-19'),
(2, 29, '2021-04-19'),
(3, 29, '2021-04-19'),
(4, 104, '2021-04-19'),
(5, 151, '2021-04-19'),
(6, 272, '2021-04-19'),
(7, 50, '2021-04-19'),
(1, 26, '2021-04-20'),
(2, 19, '2021-04-20'),
(3, 116, '2021-04-20'),
(4, 238, '2021-04-20'),
(5, 110, '2021-04-20'),
(6, 282, '2021-04-20'),
(7, 7, '2021-04-20'),
(1, 27, '2021-04-21'),
(2, 9, '2021-04-21'),
(3, 71, '2021-04-21'),
(4, 238, '2021-04-21'),
(5, 100, '2021-04-21'),
(6, 209, '2021-04-21'),
(7, 26, '2021-04-21'),
(1, 30, '2021-04-22'),
(2, 3, '2021-04-22'),
(3, 76, '2021-04-22'),
(4, 132, '2021-04-22'),
(5, 87, '2021-04-22'),
(6, 211, '2021-04-22'),
(7, 46, '2021-04-22'),
(1, 85, '2021-04-23'),
(2, 32, '2021-04-23'),
(3, 122, '2021-04-23'),
(4, 176, '2021-04-23'),
(5, 117, '2021-04-23'),
(6, 225, '2021-04-23'),
(7, 19, '2021-04-23'),
(1, 11, '2021-04-24'),
(2, 26, '2021-04-24'),
(3, 116, '2021-04-24'),
(4, 159, '2021-04-24'),
(5, 55, '2021-04-24'),
(6, 69, '2021-04-24'),
(7, 28, '2021-04-24'),
(1, 21, '2021-04-25'),
(2, 4, '2021-04-25'),
(3, 111, '2021-04-25'),
(4, 87, '2021-04-25'),
(5, 93, '2021-04-25'),
(6, 247, '2021-04-25'),
(7, 29, '2021-04-25'),
(1, 73, '2021-04-26'),
(2, 7, '2021-04-26'),
(3, 29, '2021-04-26'),
(4, 149, '2021-04-26'),
(5, 46, '2021-04-26'),
(6, 265, '2021-04-26'),
(7, 40, '2021-04-26'),
(1, 85, '2021-04-27'),
(2, 22, '2021-04-27'),
(3, 80, '2021-04-27'),
(4, 150, '2021-04-27'),
(5, 36, '2021-04-27'),
(6, 237, '2021-04-27'),
(7, 35, '2021-04-27'),
(1, 65, '2021-04-28'),
(2, 8, '2021-04-28'),
(3, 113, '2021-04-28'),
(4, 93, '2021-04-28'),
(5, 54, '2021-04-28'),
(6, 260, '2021-04-28'),
(7, 34, '2021-04-28'),
(1, 14, '2021-04-29'),
(2, 26, '2021-04-29'),
(3, 43, '2021-04-29'),
(4, 76, '2021-04-29'),
(5, 70, '2021-04-29'),
(6, 126, '2021-04-29'),
(7, 30, '2021-04-29'),
(1, 82, '2021-04-30'),
(2, 30, '2021-04-30'),
(3, 72, '2021-04-30'),
(4, 141, '2021-04-30'),
(5, 37, '2021-04-30'),
(6, 93, '2021-04-30'),
(7, 38, '2021-04-30'),
(1, 63, '2021-05-01'),
(2, 24, '2021-05-01'),
(3, 109, '2021-05-01'),
(4, 242, '2021-05-01'),
(5, 53, '2021-05-01'),
(6, 106, '2021-05-01'),
(7, 58, '2021-05-01'),
(1, 52, '2021-05-02'),
(2, 23, '2021-05-02'),
(3, 47, '2021-05-02'),
(4, 90, '2021-05-02'),
(5, 97, '2021-05-02'),
(6, 189, '2021-05-02'),
(7, 62, '2021-05-02'),
(1, 14, '2021-05-03'),
(2, 12, '2021-05-03'),
(3, 116, '2021-05-03'),
(4, 137, '2021-05-03'),
(5, 140, '2021-05-03'),
(6, 84, '2021-05-03'),
(7, 43, '2021-05-03'),
(1, 77, '2021-05-04'),
(2, 22, '2021-05-04'),
(3, 29, '2021-05-04'),
(4, 79, '2021-05-04'),
(5, 73, '2021-05-04'),
(6, 220, '2021-05-04'),
(7, 30, '2021-05-04'),
(1, 65, '2021-05-05'),
(2, 25, '2021-05-05'),
(3, 22, '2021-05-05'),
(4, 179, '2021-05-05'),
(5, 82, '2021-05-05'),
(6, 168, '2021-05-05'),
(7, 47, '2021-05-05'),
(1, 31, '2021-05-06'),
(2, 2, '2021-05-06'),
(3, 33, '2021-05-06'),
(4, 81, '2021-05-06'),
(5, 140, '2021-05-06'),
(6, 143, '2021-05-06'),
(7, 21, '2021-05-06'),
(1, 30, '2021-05-07'),
(2, 29, '2021-05-07'),
(3, 122, '2021-05-07'),
(4, 84, '2021-05-07'),
(5, 78, '2021-05-07'),
(6, 121, '2021-05-07'),
(7, 48, '2021-05-07'),
(1, 30, '2021-05-08'),
(2, 11, '2021-05-08'),
(3, 37, '2021-05-08'),
(4, 92, '2021-05-08'),
(5, 55, '2021-05-08'),
(6, 118, '2021-05-08'),
(7, 32, '2021-05-08'),
(1, 52, '2021-05-09'),
(2, 7, '2021-05-09'),
(3, 101, '2021-05-09'),
(4, 72, '2021-05-09'),
(5, 52, '2021-05-09'),
(6, 122, '2021-05-09'),
(7, 46, '2021-05-09'),
(1, 88, '2021-05-10'),
(2, 17, '2021-05-10'),
(3, 28, '2021-05-10'),
(4, 224, '2021-05-10'),
(5, 47, '2021-05-10'),
(6, 108, '2021-05-10'),
(7, 41, '2021-05-10'),
(1, 57, '2021-05-11'),
(2, 15, '2021-05-11'),
(3, 68, '2021-05-11'),
(4, 86, '2021-05-11'),
(5, 92, '2021-05-11'),
(6, 226, '2021-05-11'),
(7, 37, '2021-05-11'),
(1, 67, '2021-05-12'),
(2, 9, '2021-05-12'),
(3, 38, '2021-05-12'),
(4, 89, '2021-05-12'),
(5, 146, '2021-05-12'),
(6, 274, '2021-05-12'),
(7, 57, '2021-05-12'),
(1, 60, '2021-05-13'),
(2, 17, '2021-05-13'),
(3, 23, '2021-05-13'),
(4, 220, '2021-05-13'),
(5, 60, '2021-05-13'),
(6, 208, '2021-05-13'),
(7, 57, '2021-05-13'),
(1, 74, '2021-05-14'),
(2, 17, '2021-05-14'),
(3, 37, '2021-05-14'),
(4, 215, '2021-05-14'),
(5, 86, '2021-05-14'),
(6, 230, '2021-05-14'),
(7, 30, '2021-05-14'),
(1, 47, '2021-05-15'),
(2, 9, '2021-05-15'),
(3, 60, '2021-05-15'),
(4, 87, '2021-05-15'),
(5, 119, '2021-05-15'),
(6, 276, '2021-05-15'),
(7, 57, '2021-05-15'),
(1, 62, '2021-05-16'),
(2, 9, '2021-05-16'),
(3, 39, '2021-05-16'),
(4, 82, '2021-05-16'),
(5, 60, '2021-05-16'),
(6, 172, '2021-05-16'),
(7, 62, '2021-05-16'),
(1, 59, '2021-05-17'),
(2, 24, '2021-05-17'),
(3, 110, '2021-05-17'),
(4, 183, '2021-05-17'),
(5, 70, '2021-05-17'),
(6, 214, '2021-05-17'),
(7, 6, '2021-05-17'),
(1, 86, '2021-05-18'),
(2, 19, '2021-05-18'),
(3, 59, '2021-05-18'),
(4, 81, '2021-05-18'),
(5, 132, '2021-05-18'),
(6, 75, '2021-05-18'),
(7, 4, '2021-05-18'),
(1, 86, '2021-05-19'),
(2, 17, '2021-05-19'),
(3, 58, '2021-05-19'),
(4, 227, '2021-05-19'),
(5, 81, '2021-05-19'),
(6, 175, '2021-05-19'),
(7, 60, '2021-05-19'),
(1, 42, '2021-05-20'),
(2, 23, '2021-05-20'),
(3, 101, '2021-05-20'),
(4, 60, '2021-05-20'),
(5, 44, '2021-05-20'),
(6, 135, '2021-05-20'),
(7, 50, '2021-05-20'),
(1, 12, '2021-05-21'),
(2, 28, '2021-05-21'),
(3, 124, '2021-05-21'),
(4, 120, '2021-05-21'),
(5, 59, '2021-05-21'),
(6, 76, '2021-05-21'),
(7, 42, '2021-05-21'),
(1, 52, '2021-05-22'),
(2, 18, '2021-05-22'),
(3, 55, '2021-05-22'),
(4, 152, '2021-05-22'),
(5, 146, '2021-05-22'),
(6, 153, '2021-05-22'),
(7, 10, '2021-05-22'),
(1, 73, '2021-05-23'),
(2, 17, '2021-05-23'),
(3, 37, '2021-05-23'),
(4, 167, '2021-05-23'),
(5, 154, '2021-05-23'),
(6, 243, '2021-05-23'),
(7, 37, '2021-05-23'),
(1, 71, '2021-05-24'),
(2, 12, '2021-05-24'),
(3, 104, '2021-05-24'),
(4, 98, '2021-05-24'),
(5, 121, '2021-05-24'),
(6, 281, '2021-05-24'),
(7, 26, '2021-05-24'),
(1, 81, '2021-05-25'),
(2, 13, '2021-05-25'),
(3, 48, '2021-05-25'),
(4, 117, '2021-05-25'),
(5, 152, '2021-05-25'),
(6, 102, '2021-05-25'),
(7, 8, '2021-05-25'),
(1, 78, '2021-05-26'),
(2, 20, '2021-05-26'),
(3, 48, '2021-05-26'),
(4, 143, '2021-05-26'),
(5, 90, '2021-05-26'),
(6, 93, '2021-05-26'),
(7, 52, '2021-05-26'),
(1, 88, '2021-05-27'),
(2, 11, '2021-05-27'),
(3, 41, '2021-05-27'),
(4, 177, '2021-05-27'),
(5, 142, '2021-05-27'),
(6, 242, '2021-05-27'),
(7, 22, '2021-05-27'),
(1, 8, '2021-05-28'),
(2, 12, '2021-05-28'),
(3, 74, '2021-05-28'),
(4, 102, '2021-05-28'),
(5, 33, '2021-05-28'),
(6, 243, '2021-05-28'),
(7, 43, '2021-05-28'),
(1, 43, '2021-05-29'),
(2, 6, '2021-05-29'),
(3, 34, '2021-05-29'),
(4, 206, '2021-05-29'),
(5, 54, '2021-05-29'),
(6, 153, '2021-05-29'),
(7, 37, '2021-05-29'),
(1, 12, '2021-05-30'),
(2, 9, '2021-05-30'),
(3, 70, '2021-05-30'),
(4, 229, '2021-05-30'),
(5, 43, '2021-05-30'),
(6, 271, '2021-05-30'),
(7, 35, '2021-05-30'),
(1, 55, '2021-05-31'),
(2, 24, '2021-05-31'),
(3, 72, '2021-05-31'),
(4, 161, '2021-05-31'),
(5, 91, '2021-05-31'),
(6, 143, '2021-05-31'),
(7, 14, '2021-05-31'),
(1, 79, '2021-06-01'),
(2, 29, '2021-06-01'),
(3, 34, '2021-06-01'),
(4, 62, '2021-06-01'),
(5, 119, '2021-06-01'),
(6, 137, '2021-06-01'),
(7, 41, '2021-06-01'),
(1, 47, '2021-06-02'),
(2, 11, '2021-06-02'),
(3, 100, '2021-06-02'),
(4, 46, '2021-06-02'),
(5, 63, '2021-06-02'),
(6, 225, '2021-06-02'),
(7, 8, '2021-06-02'),
(1, 33, '2021-06-03'),
(2, 30, '2021-06-03'),
(3, 71, '2021-06-03'),
(4, 74, '2021-06-03'),
(5, 143, '2021-06-03'),
(6, 280, '2021-06-03'),
(7, 10, '2021-06-03'),
(1, 53, '2021-06-04'),
(2, 11, '2021-06-04'),
(3, 117, '2021-06-04'),
(4, 228, '2021-06-04'),
(5, 96, '2021-06-04'),
(6, 206, '2021-06-04'),
(7, 58, '2021-06-04'),
(1, 27, '2021-06-05'),
(2, 2, '2021-06-05'),
(3, 66, '2021-06-05'),
(4, 212, '2021-06-05'),
(5, 53, '2021-06-05'),
(6, 265, '2021-06-05'),
(7, 32, '2021-06-05'),
(1, 14, '2021-06-06'),
(2, 13, '2021-06-06'),
(3, 42, '2021-06-06'),
(4, 97, '2021-06-06'),
(5, 102, '2021-06-06'),
(6, 259, '2021-06-06'),
(7, 11, '2021-06-06'),
(1, 42, '2021-06-07'),
(2, 31, '2021-06-07'),
(3, 90, '2021-06-07'),
(4, 219, '2021-06-07'),
(5, 105, '2021-06-07'),
(6, 160, '2021-06-07'),
(7, 13, '2021-06-07'),
(1, 27, '2021-06-08'),
(2, 24, '2021-06-08'),
(3, 124, '2021-06-08'),
(4, 129, '2021-06-08'),
(5, 149, '2021-06-08'),
(6, 121, '2021-06-08'),
(7, 41, '2021-06-08'),
(1, 63, '2021-06-09'),
(2, 9, '2021-06-09'),
(3, 45, '2021-06-09'),
(4, 91, '2021-06-09'),
(5, 58, '2021-06-09'),
(6, 96, '2021-06-09'),
(7, 23, '2021-06-09'),
(1, 66, '2021-06-10'),
(2, 21, '2021-06-10'),
(3, 55, '2021-06-10'),
(4, 62, '2021-06-10'),
(5, 99, '2021-06-10'),
(6, 143, '2021-06-10'),
(7, 51, '2021-06-10'),
(1, 83, '2021-06-11'),
(2, 8, '2021-06-11'),
(3, 23, '2021-06-11'),
(4, 212, '2021-06-11'),
(5, 106, '2021-06-11'),
(6, 203, '2021-06-11'),
(7, 43, '2021-06-11'),
(1, 66, '2021-06-12'),
(2, 10, '2021-06-12'),
(3, 112, '2021-06-12'),
(4, 63, '2021-06-12'),
(5, 101, '2021-06-12'),
(6, 107, '2021-06-12'),
(7, 39, '2021-06-12'),
(1, 60, '2021-06-13'),
(2, 6, '2021-06-13'),
(3, 37, '2021-06-13'),
(4, 195, '2021-06-13'),
(5, 37, '2021-06-13'),
(6, 210, '2021-06-13'),
(7, 34, '2021-06-13'),
(1, 56, '2021-06-14'),
(2, 4, '2021-06-14'),
(3, 103, '2021-06-14'),
(4, 197, '2021-06-14'),
(5, 102, '2021-06-14'),
(6, 241, '2021-06-14'),
(7, 4, '2021-06-14'),
(1, 84, '2021-06-15'),
(2, 32, '2021-06-15'),
(3, 112, '2021-06-15'),
(4, 185, '2021-06-15'),
(5, 67, '2021-06-15'),
(6, 117, '2021-06-15'),
(7, 55, '2021-06-15'),
(1, 33, '2021-06-16'),
(2, 8, '2021-06-16'),
(3, 47, '2021-06-16'),
(4, 53, '2021-06-16'),
(5, 126, '2021-06-16'),
(6, 256, '2021-06-16'),
(7, 55, '2021-06-16'),
(1, 31, '2021-06-17'),
(2, 30, '2021-06-17'),
(3, 119, '2021-06-17'),
(4, 129, '2021-06-17'),
(5, 92, '2021-06-17'),
(6, 277, '2021-06-17'),
(7, 11, '2021-06-17'),
(1, 77, '2021-06-18'),
(2, 16, '2021-06-18'),
(3, 71, '2021-06-18'),
(4, 154, '2021-06-18'),
(5, 99, '2021-06-18'),
(6, 93, '2021-06-18'),
(7, 17, '2021-06-18'),
(1, 85, '2021-06-19'),
(2, 23, '2021-06-19'),
(3, 64, '2021-06-19'),
(4, 87, '2021-06-19'),
(5, 132, '2021-06-19'),
(6, 78, '2021-06-19'),
(7, 24, '2021-06-19'),
(1, 17, '2021-06-20'),
(2, 25, '2021-06-20'),
(3, 66, '2021-06-20'),
(4, 83, '2021-06-20'),
(5, 123, '2021-06-20'),
(6, 79, '2021-06-20'),
(7, 32, '2021-06-20'),
(1, 14, '2021-06-21'),
(2, 6, '2021-06-21'),
(3, 123, '2021-06-21'),
(4, 160, '2021-06-21'),
(5, 117, '2021-06-21'),
(6, 106, '2021-06-21'),
(7, 60, '2021-06-21'),
(1, 59, '2021-06-22'),
(2, 32, '2021-06-22'),
(3, 77, '2021-06-22'),
(4, 97, '2021-06-22'),
(5, 41, '2021-06-22'),
(6, 237, '2021-06-22'),
(7, 49, '2021-06-22'),
(1, 67, '2021-06-23'),
(2, 15, '2021-06-23'),
(3, 41, '2021-06-23'),
(4, 72, '2021-06-23'),
(5, 150, '2021-06-23'),
(6, 136, '2021-06-23'),
(7, 4, '2021-06-23'),
(1, 72, '2021-06-24'),
(2, 14, '2021-06-24'),
(3, 72, '2021-06-24'),
(4, 95, '2021-06-24'),
(5, 72, '2021-06-24'),
(6, 63, '2021-06-24'),
(7, 18, '2021-06-24'),
(1, 76, '2021-06-25'),
(2, 26, '2021-06-25'),
(3, 37, '2021-06-25'),
(4, 148, '2021-06-25'),
(5, 77, '2021-06-25'),
(6, 282, '2021-06-25'),
(7, 12, '2021-06-25'),
(1, 81, '2021-06-26'),
(2, 23, '2021-06-26'),
(3, 55, '2021-06-26'),
(4, 150, '2021-06-26'),
(5, 65, '2021-06-26'),
(6, 217, '2021-06-26'),
(7, 61, '2021-06-26'),
(1, 22, '2021-06-27'),
(2, 21, '2021-06-27'),
(3, 32, '2021-06-27'),
(4, 238, '2021-06-27'),
(5, 79, '2021-06-27'),
(6, 101, '2021-06-27'),
(7, 28, '2021-06-27'),
(1, 12, '2021-06-28'),
(2, 29, '2021-06-28'),
(3, 112, '2021-06-28'),
(4, 223, '2021-06-28'),
(5, 64, '2021-06-28'),
(6, 274, '2021-06-28'),
(7, 26, '2021-06-28'),
(1, 62, '2021-06-29'),
(2, 19, '2021-06-29'),
(3, 56, '2021-06-29'),
(4, 236, '2021-06-29'),
(5, 53, '2021-06-29'),
(6, 129, '2021-06-29'),
(7, 22, '2021-06-29'),
(1, 74, '2021-06-30'),
(2, 28, '2021-06-30'),
(3, 97, '2021-06-30'),
(4, 212, '2021-06-30'),
(5, 153, '2021-06-30'),
(6, 246, '2021-06-30'),
(7, 6, '2021-06-30');

-- --------------------------------------------------------

--
-- Table structure for table `foto`
--

CREATE TABLE `foto` (
  `id_foto` int(100) NOT NULL,
  `nama_file` varchar(8000) NOT NULL
) ENGINE=InnoDB DEFAULT CHARSET=utf8mb4;

--
-- Dumping data for table `foto`
--

INSERT INTO `foto` (`id_foto`, `nama_file`) VALUES
(1, '../img/tirtoyoso-1.png'),
(2, '../img/tirtoyoso-2.png'),
(3, '../img/tirtoyoso-3.png'),
(4, '../img/tirtoyoso-4.png'),
(5, '../img/tirtoyoso-5.png'),
(6, '../img/tirtoyoso-6.png'),
(7, '../img/selomangleng-1.png'),
(8, '../img/selomangleng-2.png'),
(9, '../img/selomangleng-3.png'),
(10, '../img/selomangleng-4.png'),
(11, '../img/selomangleng-5.png'),
(12, '../img/parangtritis-1.png'),
(13, '../img/parangtritis-2.png'),
(14, '../img/parangtritis-3.png'),
(15, '../img/parangtritis-4.png'),
(16, '../img/parangtritis-5.png'),
(17, '../img/parangtritis-6.png'),
(18, '../img/jt3-1.png'),
(19, '../img/jt3-2.png'),
(20, '../img/jt3-3.png'),
(21, '../img/jt3-4.png'),
(22, '../img/jt3-5.png'),
(23, '../img/dufan-1.png'),
(24, '../img/dufan-2.png'),
(25, '../img/dufan-3.png'),
(26, '../img/dufan-4.png'),
(27, '../img/dufan-5.png'),
(28, '../img/dufan-6.png'),
(29, '../img/trans-1.png'),
(30, '../img/trans-2.png'),
(31, '../img/trans-3.png'),
(32, '../img/trans-4.png'),
(33, '../img/trans-5.png'),
(34, '../img/gembira-1.png'),
(35, '../img/gembira-2.png'),
(36, '../img/gembira-3.png'),
(37, '../img/gembira-4.png'),
(38, '../img/gembira-5.png'),
(39, '../img/gembira-6.png'),
(40, '../img/thumbnail/tirtoyoso-thumb.png'),
(41, '../img/thumbnail/selomangleng-thumb.png'),
(42, '../img/thumbnail/parangtritis-thumb.png'),
(43, '../img/thumbnail/jt3-thumb.png'),
(44, '../img/thumbnail/dufan-thumb.png'),
(45, '../img/thumbnail/trans-thumb.png'),
(46, '../img/thumbnail/gembira-thumb.png');

-- --------------------------------------------------------

--
-- Table structure for table `pemilik`
--

CREATE TABLE `pemilik` (
  `id_pemilik` int(100) NOT NULL,
  `id_tempat_wisata` int(11) NOT NULL,
  `jenis_organisasi` enum('Pemerintah','Swasta') NOT NULL
) ENGINE=InnoDB DEFAULT CHARSET=utf8mb4;

-- --------------------------------------------------------

--
-- Table structure for table `pengunjung`
--

CREATE TABLE `pengunjung` (
  `id_pengunjung` int(100) NOT NULL,
  `nama_depan` varchar(255) NOT NULL,
  `nama_belakang` varchar(255) NOT NULL,
  `nama_pengguna` varchar(255) NOT NULL,
  `alamat_email` varchar(255) NOT NULL,
  `tanggal_lahir` date NOT NULL
) ENGINE=InnoDB DEFAULT CHARSET=utf8mb4;

--
-- Dumping data for table `pengunjung`
--

INSERT INTO `pengunjung` (`id_pengunjung`, `nama_depan`, `nama_belakang`, `nama_pengguna`, `alamat_email`, `tanggal_lahir`) VALUES
(1, 'Jojo', 'Suprapto', 'JoJoJo', 'JoJoS@gmail.com', '1969-02-01'),
(2, 'Akbar', 'Putra', 'AkbarPutra', 'Akbarputra@gmail.com', '1991-06-23'),
(3, 'Ari ', 'Alfaris', 'Alfaris_Ari', 'Alfarisari@gmail.com', '1987-03-11'),
(4, 'Dimas', 'Yogi', 'DimasYogi13', 'Dimasyogi@gmail.com', '1996-05-26'),
(5, 'Atika', 'Utami', 'Tikatami', 'Tikatami@gmail.com', '1997-05-10'),
(6, 'Bahri', 'Ramadhan', 'BRamadhan', 'Bahriramadhan@gmail.com', '1973-03-03'),
(7, 'Prasetyo', 'Hadi', 'HadiPrasetyo', 'Hadiprasetyo10@gmail.com', '2000-08-08'),
(8, 'Putri', 'Jayanti', 'PutriJayanti', 'Putrijayanti@gmail.com', '1991-05-24'),
(9, 'Bobby ', 'Pratama', 'Bobby_Pratama', 'Bobbypratama@gmail.com', '1999-04-27'),
(10, 'Diva', 'Anggasa', 'AnggasaDiva', 'Diva_anggasa@gmail.com', '1993-10-15'),
(11, 'Eksa', 'Rosita', 'EksaRosita12', 'Eksarotsita12@gmail.com', '1980-10-03'),
(12, 'Veronica', 'Novitasari', 'Vernov', 'Fernov2121@gmail.com', '1999-09-09'),
(13, 'Naya ', 'Masyita', 'NayaMasyita', 'Nayamasyita@gmail.com', '1979-01-15'),
(14, 'Okvan', 'Laksono', 'Olak', 'Okvanlaksono@gmail.com', '1991-02-03'),
(15, 'Immanuel', 'Adrian', 'Adri', 'Imanueladrian@gmail.com', '1995-05-05'),
(16, 'Yudha', 'Agung', 'Raja_terakhir', 'Yudha_agung@gmail.com', '1998-04-18'),
(17, 'Zidni', 'Ilman', 'Zilman', 'Zidniilman@gmail.com', '1990-12-14'),
(18, 'Nusa', 'Iskandar', 'Nusa_90', 'Nusaiskandar@gmail.com', '1992-05-25'),
(19, 'Yunita', 'Dyah', 'Yundah', 'Yunitadyah@gmail.com', '1999-07-08'),
(20, 'Agus', 'Tian', 'Gustian', 'Gustian553@gmail.com', '1994-12-19'),
(21, 'Eka', 'Sapta', 'Ekasa', 'Ekasapta@gmail.com', '1988-11-23'),
(22, 'Yurino', 'Noprianto', 'Nopek', 'Yurinoprianto@gmail.com', '1997-03-11'),
(23, 'Abdul', 'Aziz', 'Aziz17', 'Azizabdul17@gmail.com', '1990-01-30'),
(24, 'Imam', 'Bagus', 'Imamam', 'Imambagus@gmail. om', '1991-01-01'),
(25, 'Topan', 'Hali', 'Halilili', 'Topanhali@gmail.com', '1990-11-24'),
(26, 'Laksana', 'Winata', 'Lakna', 'Laksanawinata@gmail.com', '1990-01-17'),
(27, 'Yusuf', 'Akbar', 'Akbar13', 'Yusufakbar@gmail.com', '1994-02-15'),
(28, 'I', 'Made', 'Imade01', 'Imade01@gmail.com', '1991-02-09'),
(29, 'Wayan', 'Putra', 'Waput', 'Wayaputra@gmail.com', '1990-09-30'),
(30, 'Meliyana', 'Widya', 'Meli', 'Meliyanawidya@gmail.com', '1998-04-18'),
(31, 'Arif', 'Hartono', 'Arif', 'Arifhartono@gmail.com', '1990-10-10'),
(32, 'Angkasa', 'Putra', 'Angkasa', 'Angkasaputra@gmail.com', '1993-08-12'),
(33, 'Sofhi', 'Hidayati', 'Sofhi', 'Sofhidayati@gmail.com', '1991-11-20'),
(34, 'Pras ', 'Tawa', 'Prastawa', 'Prastawa@gmail.com', '1993-09-17'),
(35, 'Dennis', 'Andoro', 'Andoro', 'Dennisandoro@gmail.com', '1993-03-13'),
(36, 'Iqbal', 'Ramadhan', 'Dilan13', 'Iqbalramadhan@gmail.com', '1995-10-20'),
(37, 'Sang', 'Robby', 'Sangrobby', 'Sangrobby@gmail. com', '2000-01-04'),
(38, 'Satrio', 'Piningit', 'Sapit', 'Satriopiningit@gmail.com', '1990-12-19'),
(39, 'Mahar', 'Dika', 'Mahardika', 'Mahardika@gmail.com', '1995-01-31'),
(40, 'Heri', 'Haryanto', 'Herto', 'Heriharyanto@gmailcom', '1997-07-13'),
(41, 'Kiki', 'Saputri', 'Kiki', 'Kikiasputri@gmal.com', '2001-11-16'),
(42, 'Iwan', 'Wibisono', 'Wibi', 'Iwanwibisono@gmail.com', '1994-04-14'),
(43, 'Naomi', 'Manalu', 'Nana', 'Naomimanalu@gmail.com', '1990-10-18'),
(44, 'Dwi', 'Agustina', 'Tina', 'Dwiagustina@gmail.com', '1991-08-26');

-- --------------------------------------------------------

--
-- Table structure for table `slideshow`
--

CREATE TABLE `slideshow` (
  `id_tempat_wisata` int(100) NOT NULL,
  `id_foto` int(100) NOT NULL
) ENGINE=InnoDB DEFAULT CHARSET=utf8mb4;

--
-- Dumping data for table `slideshow`
--

INSERT INTO `slideshow` (`id_tempat_wisata`, `id_foto`) VALUES
(1, 1),
(1, 2),
(1, 3),
(1, 4),
(1, 5),
(1, 6),
(2, 7),
(2, 8),
(2, 9),
(2, 10),
(2, 11),
(3, 12),
(3, 13),
(3, 14),
(3, 15),
(3, 16),
(3, 17),
(4, 18),
(4, 19),
(4, 20),
(4, 21),
(4, 22),
(5, 23),
(5, 24),
(5, 25),
(5, 26),
(5, 27),
(5, 28),
(6, 29),
(6, 30),
(6, 31),
(6, 32),
(6, 33),
(7, 34),
(7, 35),
(7, 36),
(7, 37),
(7, 38),
(7, 39),
(1, 40),
(2, 41),
(3, 42),
(4, 43),
(5, 44),
(6, 45),
(7, 46);

-- --------------------------------------------------------

--
-- Table structure for table `tempat_wisata`
--

CREATE TABLE `tempat_wisata` (
  `id_tempat_wisata` int(100) NOT NULL,
  `nama` varchar(8000) NOT NULL,
  `deskripsi` varchar(8000) NOT NULL,
  `tiket_masuk` varchar(255) DEFAULT NULL,
  `operasional` varchar(100) DEFAULT NULL
) ENGINE=InnoDB DEFAULT CHARSET=utf8mb4;

--
-- Dumping data for table `tempat_wisata`
--

INSERT INTO `tempat_wisata` (`id_tempat_wisata`, `nama`, `deskripsi`, `tiket_masuk`, `operasional`) VALUES
(1, 'Taman Wisata Tirtoyoso', 'Taman Wisata Tirtoyoso merupakan taman rekreasi air yang sempurna untuk keluarga yang ingin bermain air.', '20.000', '35.000'),
(2, 'Goa Selomangleng', 'Goa Selomangleng merupakan goa peninggalan kerajaan Airlangga. Goa ini kaya akan relief yang menghiasai dinding luar gua, di antaranya ada yang berbentuk manusia. Terlepas dari gelap dan pengapnya suasana dalam gua, objek wisata Gua Selomangleng patut dikunjungi saat anda berada di Kediri. Tak jauh dari lokasi gua ini juga terdapat museum Airlangga yang merupakan museum purbakala yang bisa dikunjungi dan banyak sekali menyimpan benda-benda arkeologi berupa patung/arca. Dan sekarang, Goa Selomangleng diberi fasilitas lain seperti kolam renang dengan aneka wahananya dan juga arena bermain anak. Selain mengunjungi goa pengunjung juga dapat \"sedikit\" olahraga dengan naik ke Gunung Maskumambang yang hijau dan asri serta banyak terdapat ayam hutan yang berada di samping Museum Airlangga. Untuk naik gunung, pengunjung tidak berlu bersusah - susah karena telah dibangun tangga untuk naik ke atas.\r\n\r\n', '15.000', '40.000'),
(3, 'Pantai Parangtritis', 'Parang tritis, adalah salah satu obyek wisata yang berada di selatan kota Yogyakarta. Pantai parangtritis tercatat masuk dalam kecamatan Kretek, Kabupaten Bantul, Yogyakarta. berjarak sekitar 27Km dari pusat kota Yogyakarta. waktu terbaik ketika mengunjungi obyek wisata pantai parangtritis, adalah pada sore hari. Hal ini dikarenakan wisatawan dapat menikmati pemandangan matahari terbenam. Pemandangan matahari terbenam di obyek wisata pantai parangtritis cukup terkenal, dan sayang sekali untuk dilewati. Selain itu, jika datang lebih awal menuju tempat ini, obyek wisata pantai parangtritis, wisatawan dapat melihat pemandangan pantai dari tebing yang letaknya berada tepat dibelakang pantai parangtritis ini. Tebing ini bernama  Tebing Gembirawati. Di tebing ini wisatawan dapat menemukan reruntuhan Candi Gembirawati. Letak reruntuhan candi Gembirawati ini berada di bagian timur tebing Gembirawati. Wisatawan dapat menyusuri sepanjang pinggiran pantai menggunakan ATV ataupun delman dengan tarif yang cukup terjangkau. Ada juga yang menawarkan melihat keindahan pantai dengan menggunakan Aeromodeling yang juga bisa disewa.', '25.000', '80.000'),
(4, 'Jatim Park 3', 'Jawa Timur Park 3 untuk memanjakan wisatawan dengan berbagai atraksi canggih. Kota Batu yang letaknya tidak jauh dari Malang merupakan salah satu destinasi wisata utama di Jawa Timur. Kota Batu dikenal sebagai kota wisata yang menyajikan berbagai taman hiburan untuk keluarga. Jatim Park 3 hadir dengan kecanggihan teknologi yang dibalut sedemikian rupa untuk menghasilkan atraksi yang menarik. Jatim Park 3, beralamat di Jalan Ir Soekarno, Desa Beji.', '30.000', '80.000'),
(5, 'Dufan', 'Dufan atau Dunia Fantasi merupakan tempat hiburan terbesar di Jakarta yang menarik. Dunia Fantasi yang biasa disingkat Dufan yang terletak di kawasan Ancol Taman Impian, Jakarta Utara, menjadi tempat tujuan rekreasi bagi warga Jakarta maupun luar kota Jakarta, baik untuk keluarga atau kaum muda. Walaupun tempat ini sudah tidak asing bagi warga Jakarta, tetapi ada banyak hal yang membuat pengunjung tidak bosan untuk mengunjunginya lagi. Hal ini tidak mengherankan, karena tempat wisata yang berlogo primata bekantan ini memiliki keunggulan untuk menarik pengunjung.', '50.000', '100.000'),
(6, 'Trans Studio Bandung', 'Trans Studio Bandung merupakan Indoor Theme Park terbesar kedua yang telah ada di Indonesia setelah Makassar. Bukan hanya terbesar di Indonesia tempat bermain ini juga menjadi terbesar di dunia. Berbagai macam wahana permainan menarik telah tersedia dan menjadikan Trans Studio Bandung sebagai taman bermain paling komplit di kota Bandung,Jawa Barat. Tempat bermain yang tersedia berkelas internasional.  Berbagai macam fasilitas sangatlah lengkap ketersediannya. Bukan hanya sebagai tempat bermain, Trans Studio Bandung juga menjadi pusat belanja dan hiburan yang paling menarik di Bandung.  Tentunya memberikan anda kesenangan tersediri disaat mengunjungi bersama keluarga.', '50.000', '100.000'),
(7, 'Gembira Loka', 'Taman Gembiraloka ini merupakan kebun binatang satu-satunya yang dimiliki oleh Daerah Istimewa Yogyakarta. Kebun Binatang Gembira loka juga tergolong museum dalam kategori museum zoologicum atau museum satwa. Gembiraloka dalam sejarahnya termasuk museum tertua di Yogyakarta setelah Museum Sonobudoyo.', '30.000', '50.000');

-- --------------------------------------------------------

--
-- Table structure for table `ulasan`
--

CREATE TABLE `ulasan` (
  `id_ulasan` int(100) NOT NULL,
  `id_pengunjung` int(100) NOT NULL,
  `id_tempat_wisata` int(100) NOT NULL,
  `subjek_ulasan` varchar(8000) NOT NULL,
  `isi_ulasan` varchar(8000) NOT NULL,
  `nilai` decimal(10,0) NOT NULL,
  `tanggal_tulis` date NOT NULL
) ENGINE=InnoDB DEFAULT CHARSET=utf8mb4;

--
-- Dumping data for table `ulasan`
--

INSERT INTO `ulasan` (`id_ulasan`, `id_pengunjung`, `id_tempat_wisata`, `subjek_ulasan`, `isi_ulasan`, `nilai`, `tanggal_tulis`) VALUES
(1, 1, 1, 'Airnya Buthek', 'Tempatnya menyenangkan, dan lingkunganya asri. Kadang menjadi venue konser musik. Tapi air kolamnya sering terlihat buthek.', '4', '2021-06-03'),
(2, 2, 1, 'Bagus banget', 'Yang suka foto cobain kesini bagus tempatnya', '4', '2021-01-02'),
(3, 3, 1, 'Sejuk', 'Tempatnya sejuh untuk menikmati liburan', '5', '2017-05-05'),
(4, 4, 1, 'Indah dan enak', 'Cocok untuk santai dan menikmati keindahan', '4', '2019-06-09'),
(5, 5, 1, 'Banyak sampah', 'Penyediaan tempat sampah kurang banyak, jadi bingung buang sampah dan pada buang sembarangan', '3', '2019-03-03'),
(6, 6, 1, 'Suasana panas', 'Kalo siang panas, harus kesini sore soalnya adem', '3', '2019-04-02'),
(7, 7, 1, 'Kritik dari saya', 'Jalan pas mau masuknya, sempit, becek, kalo ujan ga sarankan bawa mobil, bisa mater bannya. Terus dari tempat parkir (parkirnya di dekat sekolahan lahan warga) kedalam pantai juga becek, karena jalannya sama sekali ga disentuh pembangunan, cuma jalan setapak tambak warga!! Coba sih gimana caranya biar parkir mobil itu bisa sedekat mungkin dengan bibir pantai! Biar wisatawan juga nyaman, dan ga kapokan', '3', '2019-06-17'),
(8, 8, 1, 'penghilang penat', 'Lumayan tempatnya untuk menghilangkan rasa penat di kota', '4', '2018-03-13'),
(9, 1, 2, 'Menarik untuk dikunjungi', 'Gua yang dikeramatkan untuk bertapa, sangat menarik untuk dikunjungi', '5', '2017-12-13'),
(10, 3, 2, 'Cocok bersama anak-anak', 'Cocok untuk mengunjungi wisata goa selomangleng bersama anak anak . Dikarenakan wisata gua ini terdapat beragam fasilitas anak anak diantaranya permainan anak-anak, flying fox, area trail motor dan sebagainya. Cocok bersama keluarga besar. Nice', '4', '2019-04-04'),
(11, 9, 2, 'Akses enak', 'Aksesnya enak gak perlu capek capek. bawa hp yg ada senter kalo mau kesini biar bisa liat dalamnya. karena gelap ndak ada penerangannya', '4', '2019-02-15'),
(12, 10, 2, 'Bisa untuk pembelajan sejarah', 'Saya waktu itu ke sini bersama teman-teman untuk mengerjakan tugas ospek pembuatan film, di sini juga terdapat museumnya juga loh. Patu dikunjungi deh dan juga bisa untuk pembelajaran sejarah, geografi dan lain-lain', '5', '2019-06-13'),
(13, 11, 2, 'Gua nya kecil', 'Goanya tidak terlalu besar. Banyak orang jualan makanan ringan di sini. Di lokasi ini juga ada museumnya.', '3', '2019-12-02'),
(14, 12, 2, 'Terlalu memaksa untuk dijadikan tempat wisata', 'Kayaknya ini Goa terlalu dipaksakan untuk jadi detinasi wisata...padahal Goa ini gak ada yang istimewa dan terkesan amburadul...apa yang mo diliat..cuma batu ada lobang...itupun tidak dalam srperti lazimnya goa...lingkungan sekitar yg terksan kotor banyak sampah pengunjung..menjadikan tempat ini tambah tak menarik...so no recomended...', '3', '2019-12-15'),
(15, 13, 2, 'Gua nya serem', 'Suasana di gua serem, mungkin karena banyak yang hal mistis disini', '4', '2019-05-06'),
(16, 14, 2, 'Tepat Keren', 'Akses menuju lokasi mudah dijangkau, kebersihan terjaga, area parkir luas, ada track sepeda cross country di belakang goa, banyak penjual makanan .', '4', '2019-04-17'),
(17, 8, 2, 'menarik dikunjugi lagi', 'pas kesini musim ujan, berangkat dari rumah kerabat sih egk hujan. pas mau sampe di goa selomangleng di guyur hujan deres. tempatnya agak di pegunungan gitu. hawa dingin menyerang jalan naik dan berkelok2. pas sampe masih hujan grimis dan kami putuskan hanya melihat dari dalam mobil dan kejauhan terlihat 3 lubang gua. yg di dalamnya sampe saat ini masih penasaran. kalo ada kesempatan untuk main ke kediri pasti akan kesini lagi.', '3', '2019-06-13'),
(18, 15, 2, 'Lokasi komplit untuk liburan keluarga', 'Goa selomangleng merupakan tempat wisata yang pas untuk keluarga karena dapat dinikmati semua kalangan,', '5', '2019-11-10'),
(19, 16, 2, 'Lingkungan', 'Dilokasi goa selomangleng terdapat tempat yg cocok untuk spiritual khusunya di goa,disana juga terdapat kolam renang yg luas dan penuh dengan pengunjung,ada juga museum,permainan anak-anak,dll', '4', '2018-08-25'),
(20, 17, 2, 'Goa Selomangkleng', 'pas kebetulan ksana ada reog dan menyambut 1 muharram. sangat menyenangkan, udaranya cukup segar dan ramai oleh pengunjung. terdapat area motor cross pula yang suka adventure. dan ada sebuah bukit yang bertangga hingga ke puncaknya. dan udara di puncaknya sangat bagus untuk berselfie', '4', '2019-02-28'),
(21, 18, 2, 'Karya Alam', 'akses lumayan jauh dari pusat kota, obyek masih standard dengan fasilitas ala kadarnya.Tapi oke buat nambah pengetahuan anak-anak tentang alam', '3', '2018-05-16'),
(22, 19, 2, 'Wisata Alam', 'Tempat wisata keluarga yang edukatif, Tidak hanya goa selomangleng tp ada juga gunung maskumambang, yang d puncaknya terdapat makam mbah boncolono, gunung maskumambang juga destinasi wisata alam, religi, dan keluarga selain itu ada juga museum airlangga', '4', '2019-01-03'),
(23, 20, 2, 'Tempat semedi Raja Airlangga', 'Goa yang cukup unik karena merupakan tempat semedi raja di waktu yang lampau. Ketika saya berkunjung kesini, saya masih melihat beberapa pengunjung tertarik untuk melakukan semedi di goa ini. Menurut penduduk sekitar selomangleng berarti batu yang menggantung', '4', '2019-01-25'),
(24, 20, 3, 'Menelusuri  wisata Pantai di Jogja', 'Parangtritis terkenal kemashuranya di seantoro negri jadi bila ke yogja sempatkan mampir... 30 menit dr malioboro arah selatan jalanya lurus trus', '4', '2020-04-23'),
(25, 6, 3, 'Pantai indah penuh kenangan', 'Pantai yang bisa dinikmati dari ketinggian ini membuat anda bisa menikmati luasnya lautan yang disini .udaranya cukup sejuk dan siang hari menjelang sore adalah waktu yang tepat untuk berpergian.', '5', '2020-06-21'),
(26, 15, 3, 'Liburan Semester', 'pantai yang sangat legendaris sihh ini, dan tempat nya lumayan asik buat main air sama pasir, ada atv juga di sin', '5', '2019-08-07'),
(27, 14, 3, 'Pantai yang indah', 'Pantai yang indah, dan wajib dikunjungi kalau ke Jogja, kalau kesini datang dipagi hari biar gk banyak orang, tapi kalau mau lihat view yang indah datang sore tapi ramai', '5', '2019-07-01'),
(28, 21, 3, 'Diluar prediksi', 'Angin pantai nya cukup kencang lalu ombak nya besar jadi gabisa buat berenang namun view pantai bagus sekali. I like it', '4', '2019-08-07'),
(29, 22, 3, 'Pantai selatan yang indah', 'Luas ala pantai di luar negeri menggagumkan,sejuk walau panas bisa bermain ke gumuk pasir sambil berselancar', '5', '2019-03-01'),
(30, 23, 3, 'Salah satu pantai terbaik di Bantul', 'Salah satu pantai yang ada di Kabupaten Bantul nih. Asik buat foto-foto dan keliling-keliling', '4', '2019-03-01'),
(31, 10, 3, 'Pasirrnya panas', 'Pasirnya panas banget. Disarankan untuk mengenakan sendal jika berkunjung karena kaki bisa terbakar jika bersentuhan langsung dengan pasir. Di sepanjang pantai banyak yang jual kok. Ada beberapa atraksi di sana seperti menunggang kuda di pinggir pantai atau kolam renang di dekat pantai untuk anak-anak.', '3', '2018-11-01'),
(32, 24, 3, 'Pantai mantap', 'Pantainya agak kotor, tp overall sih mantap. Siang panas banget. Good lah ada parkiran motor n mobil. Penginapan jg bnyak. Yg ptg murah.', '4', '2018-11-01'),
(33, 25, 3, 'Refreshing keluarga', 'Pagi-pagi ke parangtritis,ombaknya lagi gede,lumayan buat refresing', '3', '2018-10-01'),
(34, 26, 3, 'Cerita mistis', 'Pantai ini tidak bisa dilepaskan dari cerita nyai roro kidul, tapi sampai detik ini kita belum pernah tahu seperti apa wajahnya. kalau malam hari banyak transaksi transaksi negatif disini. direkomendasikan berkunjung pagi sore hari biar tidak panas terik matahari', '5', '2017-10-09'),
(35, 1, 3, 'Pantainya lumayan', 'Bosan keliling2 di kota, kami melipir ke pantai. Anak saya malah suka karena ada sewa atv. Sayang kurang tempat duduk2 yang layak. Hanya warung2 kecil jualan bakso.', '3', '2019-08-23'),
(36, 27, 3, 'Ujung Jogja', 'Pantai ini sangat naik daun namanya di seluruh indonesia dan ketika seorang maupun rombongan wisatawan pergi ke Jogja untuk berlibur. Memang pantai ini tidak secantik pantai yang ada di pantai Gundul (Gunung Kidul), namun pantai ini sangat ramai dikunjungi oleh para wisatawan domestik maupun mancanegara', '3', '2018-07-25'),
(37, 14, 3, 'Ramai sekali', 'Rame banget. banyak anak kecil juga. ada sewa atv, trail, jeep, ada andong juga. bagus. parkiran banyak', '4', '2018-07-12'),
(38, 17, 3, 'Pantai yang biasa aja', 'Pantai ini sudah menjadi biasa dan bukan tempat wisata yang baru di yogya. Pada saat saya kesana banyak wisatawan yang datang karena memang pada saat musim liburan anak sekolah.', '3', '2018-07-05'),
(39, 28, 3, 'Pasir hitam  dan angin kencang', 'Kurang rekomendasi untuk piknik keluarga, karena pantai ini memiliki karakteristik pantai pasir hitam dengan angin yang lumayan kencang, kadang pasir hitam tersebut susah dibersihkan jika sudah mengotori pakaian', '3', '2018-07-27'),
(40, 29, 3, 'Pantai yang tidak terlalu jauh dari pusat kota', 'Pantai yang paling mudah dikunjungi jika ada di pusat kota jogja tidak terlalu jauh dari pusat kota. Pasir hitam, banyak wahana permainan di sewakan seperti ATV', '3', '2017-07-21'),
(41, 30, 3, 'Menanti sunset  yan melegenda', 'Sering banget kesini untuk berburu sunset. Tapi sering juga gak ketemu, malah ketemu sama mendung:(', '5', '2018-07-07'),
(42, 2, 3, 'Tak pernah bosen', 'Sangat identik dengan jogja dna mitosnya. sekalipun pantai ini sekarang lebih kotor, namun sunset disini selalu jadi sunset terindah daripada pantai manapun. percayalah', '5', '2018-05-28'),
(43, 31, 3, 'Perfect sunset', 'Pemandangan cantik, fasilitas semuanya lengkap hanya saja toiletnya kurang memadai tapi untuk pemandangannya gak mengecewakan karena semuanya kebayar dengan sunse super keren', '5', '2018-05-05'),
(44, 32, 4, 'Cocok untuk foto ', 'Bagus banget tempatnya. Banyak spot fotonya disana.', '4', '2021-06-12'),
(45, 11, 4, 'Mantap banget tempatnya', 'Sesuai dengan deskripsi. kereeen', '5', '2021-06-11'),
(46, 19, 4, 'Luas tempatnya', 'Gak nyangka seluas itu yah wilayahnya. sampe pegel kaki. keren bgt konsepnya, isinya jg buagus bgt. petugas yg berjaga jg ramah-ramah. thanks sudah membuat liburan keluarga kami jadi tak terlupakan. oiya, kalo bs petugasnya lbh tegas sedikit pada para perokok yah. krn disana jg banyak anak-anak yg datang, sangat mengganggu sih asap rokok itu, dan petugas terkesan membiarkan aja', '4', '2021-06-02'),
(47, 25, 4, 'Kurang bagus', 'kurang bagus... cape jalan terlalu jauh jarak permainan', '2', '2021-06-03'),
(48, 29, 4, 'Nyaman tempatnya', 'Kerennn tempatnya, bersih, nyaman untuk holiday menghilangkan kepenatan', '4', '2021-05-03'),
(49, 33, 4, 'Bisa membuat anak senang', 'Sangat luas, anak saya sangat happy, akan berkunjung ke wahana lainnya karena baru 2 tempat saja sudah sangat lelah', '4', '2021-03-10'),
(50, 10, 4, 'Bagus untuk foto', 'Buat yg suka hunting foto, bisa banget kesini karena banyak spot fotonya. bisa dijadiin konten pembelajaran jugaa', '5', '2021-05-27'),
(51, 7, 4, 'Cocok bersama anak-anak', 'semuanya sesuai dengan foto foto, namun ada beberapa arena permainan masih dalam perbaikan... anak-anak bahagia', '4', '2021-06-02'),
(52, 34, 4, 'Tempatnya asik', 'Tempatnya luar biasa seru dan inspiratif', '4', '2021-02-27'),
(53, 35, 4, 'Keren dan murah', 'Keren bangeet, padahal harga tiket murah', '5', '2021-02-06'),
(54, 30, 4, 'Gak aktif semua wahananya', 'Pas hujan waktu kesininya jadi ada beberapa wahana yg gak aktif', '4', '2021-02-07'),
(55, 27, 4, 'Bisa untuk belajar', 'Kesini pas lg ppkm dan weekdays jadi bisa foto-foto tanpa harus berdesakan dan antri... dan lebih baik kesini saat bukan musim hujan krn kebanyakan outdoor', '4', '2021-01-25'),
(56, 36, 4, 'Liburan masa pandemi', '\"Saya berkunjung 6 des 2020, saat msh \"\"pandemi\"\", banyak wahana yg kosong, tidak terlalu ramai, beli tiket melalui traveloka, tapi pengambilan tiket \"\"real\"\" tetap ngantri panjang krn hanya 1 loket yang dibuka, itupun gabung yg beli online dan tunai, perkiraan saya krn efisiensi tenaga kerja sehingga berkurangnya staff dan layanan yg diberikan\"', '4', '2020-12-07'),
(57, 37, 4, 'Pengalaman liburan yang seru', 'pengalaman yg seru bersama keluarga,pengetahuan mengenai kehidupan dino yg menarik utk anak-anak saya. cuma sedikit yg kurang adalah petunjuk jalan keluar dimana banyak orang yg tersesat saat sdh menyelesaikan rute jalan-jalannya,apalagi kemarin hujan lumayan deras sehingga kasihan yg membawa anak kecil... jadi harapan saya agar petunjuk jalan keluar diperjelas lagi... atau kalau bisa jalan keluar dibuatkan jalur yg jelas sehingga tdk muter ke belakang lagi', '4', '2020-12-05'),
(58, 38, 4, 'Jauh dan panas', 'Kalau kesini saya rekomendasikan pakai alas kaki yang nyaman, karena perjalanan sangat jauh dan panas. Ada banyak toilet. Ada tempat sholat juga.', '3', '2020-10-27'),
(59, 1, 5, 'Liburan masa pandemi', 'Tidak khawatir bermain wahana karna protokol yang dijalannya sudah cukup baik, jadi senang senang lebih tenang', '3', '2021-03-12'),
(60, 39, 5, 'Seru dan menyenangkan', '\"Seru dan menyenangkan,perjalanya pun lancar,sampai di sna kita main\"\"wahanya dufan,tetapi sayang ad yg gc di coba semua karena stu ad yg gc berani.yg ke dua kita tdk terburu dengan wahana yg tdnya kita paling suka.jadinya kita tdk bsa naik wahana it.sayang seklai,kayanya kelihatannya seru\"', '4', '2021-02-11'),
(61, 20, 5, 'Tempat refreshing yang nyaman', 'Dalam riuh pikuknya ibu kota,mumetnya pikiran membuat hati ingin berlibur di taman jaya impian ancol jakarta utara dan akhirnya kesampean kesana.suasananya bagus,bersih dan ramah pelayannya.terimakasih anco', '5', '2020-01-26'),
(62, 31, 5, 'Bersih dan menyenangkan', 'Tempat nya bagus apa lagi banyak games yg sangat menyenangkan ..danjuga kebersihan nya terjaga thaks for Anco', '5', '2019-12-20'),
(63, 5, 5, 'Lebih bagus', 'Dufan sekarang jauh lebih semarak dengan banyaknya penambahan wahana-wahana yang atrakrif dan edukatif bahkan manantang buat remaja., walau tm nya naik tapi sesuai dng pelayanan krn banyaknya penambahan wahana.', '4', '2019-09-15'),
(64, 19, 5, 'Wahana liburan keluarga', 'empat yang cukup representatif untuk liburan bersama keluarga dan putra putri tercinta, banyak wahanan yang menarik untuk dicoba. Jika Anda malas mengantri belilah tiket fast track karena jika tidak, antrian untuk satu wahana favorite bisa sampai satu jam', '4', '2020-09-08'),
(65, 27, 5, 'Dufan, Jakarta', 'Sangat recommended bila anda pergi bersama anak serta keluarga kecil.lokasi yang mudah dijangkau, dan banyak wahana yang membuat anak anda bahagia', '5', '2019-08-29'),
(66, 40, 5, 'Liburan ', 'Taman bermain yang membuat anak-anak senang, dengan banyak pilihan wahana bermain dan tersedia restauran', '4', '2019-07-29'),
(67, 17, 5, 'Tempat wisata semua golongan', 'Tempat ini mewakili semua golongan semua bisa menikmati dan mendapat waktu liburan yang berkesan, ada pantai, mall, pasir buat bermain, dll', '5', '2019-07-03'),
(68, 21, 5, 'Selalu Happy tiap kesini', 'Wahana main yang sangat menyenangkan tidak hanya untuk anak2 tapi juga untuk orang dewasa. permainannya seru2. harga tiket lumayan mahal. ada diskon khusus untuk lansia.', '4', '2019-06-30'),
(69, 2, 5, 'Tempat bermain saat stress', 'sy sangat suka pergi kesini, saat anak2 habis ujian akhir, biar stress saat belajarnya hilang, karena disini banyak wahana utk berteriak ria, dan tempat bermain yg menyenangkan disni. tempat yg wajib dikunjungin saat anda sedang stress hahaha, tp bagi yg ada jantungan jangan main yg serem2', '5', '2019-06-09'),
(70, 41, 5, 'Wahana yang mantap', 'Tempatnya sangat luas, wahananya banyak dan seru. Tempatnya bagus dan nyaman, tapi outdoor jadi sangat panas kalo siang', '4', '2019-03-18'),
(71, 42, 5, 'Do fun !', 'Wahana permainannya cukup banyak, walau dari dulu rasanya belum ada penambahan wahana lagi. Jangan lupa bawa topi dan pakai sunblock. Panas banget shaayy', '4', '2019-02-06'),
(72, 22, 6, 'Kurang memuaskan', 'Karena areanya tidak luas, dan permainan juga tidak banyak, jadi kurang seru. Waktu habis untuk antri di tiap wahana. Tempat makan cukup luas. Belanja minum dan makanan harus pakai kartu, khusus dibuat oleh bank mega untuk dipakai di area Trans Studio. Apakah nantinya kartu ini bisa dipakai transaksi di luaran, saya tidak tahu, seperti kartu E-Toll Mandiri gitu, entahlah. Waktu masuk tas digeledah, tidak dibolehkan bawa makanan dan minuman dari luar. Saya pikir Trans Studio akan tetap ramai, meskipun ada ulasan-ulasan yang kurang mendukung. Bagaimanapun juga orang tetap penasaran, dan sebagai pilihan selain Dufan-Ancol. Permainan untuk anak-anak sedikit sekali.', '3', '2019-04-04'),
(73, 25, 6, 'Pilihan wisata taman hiburan', 'Pergi di saat weekday sengaja dilakukan untuk menghindari antrian, dan benar saja kami telah puas menikmati theme park tersebut dalam waktu kurang dari 3 jam. Indoor themepark yang menjadi salah satu pilihan ketika berkunjung, namun dirasa wahana yang ada cukup terbatas terlebih untuk anak2. Tapi secara keseluruhan, patut dikunjungi ketika ke Bandung.', '3', '2019-04-30'),
(74, 13, 6, 'Kurangnya wahana', 'Kesan pertama saat masuk trans studio adalah menyenangkan dan bagus, tapi ketika melihat wahananya terasa kurang bervariasi dan perlu penambahan wahana. Kebanyakan wahana yg seru diperuntukkan usia remaja sdgkan utk anak2 wahananya spt kebanyakan yg sdh ada di mal saja. Jadi bagi keluarga dgn anak yg msh kecil2 akan merasa rugi dgn kurangnya variasi wahana.', '4', '2018-03-01'),
(75, 9, 6, 'Bermain bersama teman', 'Datang ke sini di sela dinas kantor. Lumayan seru, meski tidak selengkap tempat bermain yang serupa.', '4', '2019-08-05'),
(76, 10, 6, 'Tempat permainan', 'Jika anda menyukai permainan, baik permainan ringan atau yang menantang, tetapi takut panas ga usah kuatir di trans studio bandung adalah tempatnya, lokasi di dalam mall anti panas, permainanya juga banyak, dari yg nyantai sampai yang menguji nyali ada di sini, jika anda lapar, ga usah kuatir disini di sediakan banyak makanan dengan berbagai macam bentuk loh, dari yg ringan sampai yg berat, so tunggu apalagi ayo datang dan buktikan sendiri', '4', '2018-07-05'),
(77, 28, 6, 'Indoor', 'Sangat jarang ada permainan indoor di indonesia. Untuk wahananya lumayan seru beberapa. Boleh ditingkatkan lagi. Sayang sekali di dalam untuk atm gallery hanya bank mega, kelihatan sekali kerja sama dengan bank mega. Agak menyusahkan tidak ada atm bca', '3', '2019-02-22'),
(78, 43, 6, 'Kurang menarik', 'Permainan di trans bandung kurang menarik kecuali jet costernya yang putus dan bisa mundur kebelakang, namun terlalu prndek dan cepat selesai', '3', '2018-02-18'),
(79, 44, 6, 'Mewah dan elegan', 'Mall yang paling mewah di Bandung. Saya sih malas ke sini karena jauh dan macet. Tapi kalau mau main ke daerah ini, banyak kok hotel di daerah sini. guesthouse murah juga banyak', '4', '2018-07-05'),
(80, 9, 6, 'Indoor theme park yang edukatif', 'Bagian dari theme park ini yang saya suka adalah area Science nya yang sangat tepat jika kita datang bersama anak yang masih menginjak bangku pendidikan.wahana yang tak kalah lainnya adalah Coaster dengan kecepatan tinggi yang membuat adrenalin meningkat.', '5', '2019-12-02'),
(81, 35, 6, 'Weekend lebih baik', 'Wahana di dalam Trans Studio hanya sedikit, lebih baik datang pada saat weekday agar tidak perlu mengantri panjang untuk masuk ke tiap wahana. Mencari kupon potongan harga/ diskon untuk dapat membeli tiket dengan harga lebih murah sangat direkomendasikan!', '4', '2018-01-08'),
(82, 39, 7, 'Bagus untuk anak-anak', 'Kebon binatang ini merupakan salah satu wahana hiburan umum yang mau bertransformasi lebih baik dari waktu ke waktu. Dibanding 5 tahun lalu, banyak sekali kemajuan dan perbaikan yang dilakukan. Selain koleksi hewan yang ditambah, penataan / lay out juga semakin dipercantik dengan berbagai ornamen. Kebersihan juga mulai tertata. Petunjuk cukup jelas tersedia. Hanya tempat parkir yang kurang memadai terutama di hari libur nasional atau anak sekolah.', '4', '2018-06-05'),
(83, 30, 7, 'Kebun binatang yang lengkap', 'Saya kesini karena ada yang menarik yaitu ada pinguin yg baru datang dan penasaran pgn lihat apalagi bawa anak penting mengenalkan binatang. Disana yg wokee ada taman lalulintas dan jalan seperti jalan utama ato jalan raya ukuran kecil. Jadi aaya bisa ngenalin berlalulintas. Dan setelah keliling sampai di ujung tempat binatang dan kami melihay pinguin yg jadi penghuni baru di gembira loka. Excited lucu lucu', '4', '2019-07-20'),
(84, 24, 7, 'Tempat edukasi anak dan terjangkau', 'Kebun binatang Gembira Loka Yogyakarta memiliki fasilitas penunjang yang sangat layak untuk dinikmati bersama keluarga. Selain koleksi hewan yang sangat lengkap, ditunjang dengan lokasi yang bersih, banyak spot jajan dan cukup nyaman.', '5', '2018-11-11'),
(85, 21, 7, 'Bersih, luas, dan murah', 'Dibanding dengan beberapa kebun binatang di beberapa kota/daerah yang pernah saya kunjungi, Gembira Loka ditata dengan baik, menarik, menjadi kebun binatang yang paling bersih dengan harga sangat terjangkau dan cukup luas.', '4', '2019-06-17'),
(86, 1, 7, 'Semakin hari jadi bagus', 'kebun binatang Gembira Loka adalah tempat wisata keluarga yang sangat luas dan nyaman. Dari segi jarak pun tidak terlalu jauh untuk dijangkau dari kota. Dari segi binatang juga sangat lengkap dengan pembagian area yang sangat baik. Semakin hari pun semakin baik dan nyaman untuk dikunjungi.', '5', '2017-03-19'),
(87, 8, 7, 'Kurang lengkap', 'Zebra, jerapah, singa, beruang, dan beberapa binatang lain yg seharusnya ada malah ngga ada.', '3', '2018-07-11'),
(88, 36, 7, 'Kurang menarik', 'Seperti kebun binatang di Indonesia yang lainnya, sepertinya tempat ini belum dikelola dengan baik. Padahal koleksi binatangnya cukup.', '3', '2019-07-14'),
(89, 39, 7, 'Kurang terawat', 'Kebun binatang yang terletak di pusat kota, yang mudah dijangkau. banyak hewan yang tak terawat, saya melihatnya begitu miris.', '3', '2019-08-05'),
(90, 40, 7, 'Tempat mengenalkan binatang kepada anak', 'Kebun binatang ini terletak di jogjakarta. Kebun binatang ini mempunyai koleksi yang cukup lengkap, cocok untuk mengenalkan jeis jenis binatang kepada anak anak. Hanya saja untuk menikmati seluruh koleksi binatang disini, Anda harus bersiap jalan kaki yang lumayan jauh', '3', '2019-03-19');

--
-- Indexes for dumped tables
--

--
-- Indexes for table `catatan_kunjungan`
--
ALTER TABLE `catatan_kunjungan`
  ADD KEY `id_tempat_wisata` (`id_tempat_wisata`);

--
-- Indexes for table `foto`
--
ALTER TABLE `foto`
  ADD PRIMARY KEY (`id_foto`);

--
-- Indexes for table `pemilik`
--
ALTER TABLE `pemilik`
  ADD PRIMARY KEY (`id_pemilik`),
  ADD KEY `id_tempat_wisata` (`id_tempat_wisata`);

--
-- Indexes for table `pengunjung`
--
ALTER TABLE `pengunjung`
  ADD PRIMARY KEY (`id_pengunjung`);

--
-- Indexes for table `slideshow`
--
ALTER TABLE `slideshow`
  ADD KEY `id_foto` (`id_foto`),
  ADD KEY `id_slideshow` (`id_tempat_wisata`);

--
-- Indexes for table `tempat_wisata`
--
ALTER TABLE `tempat_wisata`
  ADD PRIMARY KEY (`id_tempat_wisata`);

--
-- Indexes for table `ulasan`
--
ALTER TABLE `ulasan`
  ADD PRIMARY KEY (`id_ulasan`),
  ADD KEY `id_pengguna` (`id_pengunjung`),
  ADD KEY `id_tempat_wisata` (`id_tempat_wisata`);

--
-- AUTO_INCREMENT for dumped tables
--

--
-- AUTO_INCREMENT for table `foto`
--
ALTER TABLE `foto`
  MODIFY `id_foto` int(100) NOT NULL AUTO_INCREMENT, AUTO_INCREMENT=47;

--
-- AUTO_INCREMENT for table `pemilik`
--
ALTER TABLE `pemilik`
  MODIFY `id_pemilik` int(100) NOT NULL AUTO_INCREMENT;

--
-- AUTO_INCREMENT for table `pengunjung`
--
ALTER TABLE `pengunjung`
  MODIFY `id_pengunjung` int(100) NOT NULL AUTO_INCREMENT, AUTO_INCREMENT=45;

--
-- AUTO_INCREMENT for table `slideshow`
--
ALTER TABLE `slideshow`
  MODIFY `id_foto` int(100) NOT NULL AUTO_INCREMENT, AUTO_INCREMENT=47;

--
-- AUTO_INCREMENT for table `tempat_wisata`
--
ALTER TABLE `tempat_wisata`
  MODIFY `id_tempat_wisata` int(100) NOT NULL AUTO_INCREMENT, AUTO_INCREMENT=8;

--
-- AUTO_INCREMENT for table `ulasan`
--
ALTER TABLE `ulasan`
  MODIFY `id_ulasan` int(100) NOT NULL AUTO_INCREMENT, AUTO_INCREMENT=91;

--
-- Constraints for dumped tables
--

--
-- Constraints for table `catatan_kunjungan`
--
ALTER TABLE `catatan_kunjungan`
  ADD CONSTRAINT `catatan_kunjungan_ibfk_1` FOREIGN KEY (`id_tempat_wisata`) REFERENCES `tempat_wisata` (`id_tempat_wisata`);

--
-- Constraints for table `pemilik`
--
ALTER TABLE `pemilik`
  ADD CONSTRAINT `pemilik_ibfk_1` FOREIGN KEY (`id_tempat_wisata`) REFERENCES `tempat_wisata` (`id_tempat_wisata`);

--
-- Constraints for table `slideshow`
--
ALTER TABLE `slideshow`
  ADD CONSTRAINT `slideshow_ibfk_1` FOREIGN KEY (`id_tempat_wisata`) REFERENCES `tempat_wisata` (`id_tempat_wisata`),
  ADD CONSTRAINT `slideshow_ibfk_2` FOREIGN KEY (`id_foto`) REFERENCES `foto` (`id_foto`);

--
-- Constraints for table `ulasan`
--
ALTER TABLE `ulasan`
  ADD CONSTRAINT `ulasan_ibfk_1` FOREIGN KEY (`id_pengunjung`) REFERENCES `pengunjung` (`id_pengunjung`),
  ADD CONSTRAINT `ulasan_ibfk_2` FOREIGN KEY (`id_tempat_wisata`) REFERENCES `tempat_wisata` (`id_tempat_wisata`);
COMMIT;

/*!40101 SET CHARACTER_SET_CLIENT=@OLD_CHARACTER_SET_CLIENT */;
/*!40101 SET CHARACTER_SET_RESULTS=@OLD_CHARACTER_SET_RESULTS */;
/*!40101 SET COLLATION_CONNECTION=@OLD_COLLATION_CONNECTION */;
